datetime,symbol,open,high,low,close,volume
2025-11-19 23:00:00,OANDA:EURUSD,1.1539,1.15423,1.15224,1.15229,11393.0
2025-11-20 03:00:00,OANDA:EURUSD,1.15228,1.15237,1.15101,1.15158,13408.0
2025-11-20 07:00:00,OANDA:EURUSD,1.15156,1.15278,1.15114,1.15275,24664.0
2025-11-20 11:00:00,OANDA:EURUSD,1.15276,1.15389,1.15024,1.15278,34628.0
2025-11-20 15:00:00,OANDA:EURUSD,1.15277,1.155,1.15201,1.15288,47511.0
2025-11-20 19:00:00,OANDA:EURUSD,1.15287,1.15407,1.15239,1.15285,16990.0
2025-11-20 23:00:00,OANDA:EURUSD,1.15275,1.15384,1.15236,1.15325,13018.0
2025-11-21 03:00:00,OANDA:EURUSD,1.15326,1.15422,1.15324,1.15352,12278.0
2025-11-21 07:00:00,OANDA:EURUSD,1.15352,1.15525,1.1525,1.15252,30300.0
2025-11-21 11:00:00,OANDA:EURUSD,1.15251,1.1527,1.14966,1.15208,37383.0
2025-11-21 15:00:00,OANDA:EURUSD,1.15211,1.15236,1.14912,1.15072,40679.0
2025-11-21 19:00:00,OANDA:EURUSD,1.15074,1.1521,1.1502,1.1513,16139.0
2025-11-23 23:00:00,OANDA:EURUSD,1.15193,1.15193,1.15019,1.15106,8237.0
2025-11-24 03:00:00,OANDA:EURUSD,1.15105,1.15284,1.15104,1.15226,10884.0
2025-11-24 07:00:00,OANDA:EURUSD,1.15226,1.15344,1.15097,1.15298,22644.0
2025-11-24 11:00:00,OANDA:EURUSD,1.15298,1.15506,1.15298,1.15385,23042.0
2025-11-24 15:00:00,OANDA:EURUSD,1.15386,1.15413,1.15116,1.1518,27003.0
2025-11-24 19:00:00,OANDA:EURUSD,1.1518,1.15292,1.15172,1.15216,10894.0
2025-11-24 23:00:00,OANDA:EURUSD,1.15218,1.15301,1.15188,1.15258,9683.0
2025-11-25 03:00:00,OANDA:EURUSD,1.1526,1.15303,1.15116,1.15168,11597.0
2025-11-25 07:00:00,OANDA:EURUSD,1.15169,1.15368,1.15148,1.15341,23367.0
2025-11-25 11:00:00,OANDA:EURUSD,1.15339,1.15624,1.15247,1.15582,33490.0
2025-11-25 15:00:00,OANDA:EURUSD,1.15582,1.15841,1.155,1.15824,41413.0
2025-11-25 19:00:00,OANDA:EURUSD,1.15826,1.15861,1.1558,1.15697,18577.0
2025-11-25 23:00:00,OANDA:EURUSD,1.15706,1.15832,1.15633,1.15772,14776.0
2025-11-26 03:00:00,OANDA:EURUSD,1.15772,1.15916,1.15748,1.15909,17122.0
2025-11-26 07:00:00,OANDA:EURUSD,1.1591,1.1596,1.15656,1.1572,25701.0
2025-11-26 11:00:00,OANDA:EURUSD,1.1572,1.15842,1.15484,1.15525,42152.0
2025-11-26 15:00:00,OANDA:EURUSD,1.15524,1.16009,1.15471,1.1593,36068.0
2025-11-26 19:00:00,OANDA:EURUSD,1.15931,1.15974,1.15894,1.15963,13499.0
2025-11-26 23:00:00,OANDA:EURUSD,1.15935,1.16126,1.15924,1.16092,10350.0
2025-11-27 03:00:00,OANDA:EURUSD,1.16092,1.16136,1.16,1.16022,13711.0
2025-11-27 07:00:00,OANDA:EURUSD,1.16023,1.16054,1.15766,1.15776,20030.0
2025-11-27 11:00:00,OANDA:EURUSD,1.15776,1.1597,1.15772,1.1595,17818.0
2025-11-27 15:00:00,OANDA:EURUSD,1.1595,1.16016,1.15904,1.15951,12800.0
2025-11-27 19:00:00,OANDA:EURUSD,1.15952,1.15972,1.15913,1.1596,4188.0
2025-11-27 23:00:00,OANDA:EURUSD,1.15962,1.1602,1.15817,1.15833,10577.0
2025-11-28 03:00:00,OANDA:EURUSD,1.15834,1.15938,1.15816,1.15895,33547.0
2025-11-28 07:00:00,OANDA:EURUSD,1.15894,1.15907,1.15666,1.15688,59718.0
2025-11-28 11:00:00,OANDA:EURUSD,1.15688,1.15787,1.15553,1.15748,46947.0
2025-11-28 15:00:00,OANDA:EURUSD,1.15748,1.16076,1.15712,1.16028,36276.0
2025-11-28 19:00:00,OANDA:EURUSD,1.16028,1.16046,1.15957,1.15985,12028.0
2025-11-30 23:00:00,OANDA:EURUSD,1.15938,1.1616,1.15927,1.16052,19367.0
2025-12-01 03:00:00,OANDA:EURUSD,1.16052,1.16058,1.15894,1.1598,15179.0
2025-12-01 07:00:00,OANDA:EURUSD,1.15978,1.16236,1.15904,1.16222,28772.0
2025-12-01 11:00:00,OANDA:EURUSD,1.16224,1.16526,1.1619,1.16449,27655.0
2025-12-01 15:00:00,OANDA:EURUSD,1.16448,1.16452,1.16178,1.16207,35208.0
2025-12-01 19:00:00,OANDA:EURUSD,1.16208,1.16236,1.16066,1.16092,13580.0
2025-12-01 23:00:00,OANDA:EURUSD,1.16104,1.16112,1.16038,1.16092,6764.0
2025-12-02 03:00:00,OANDA:EURUSD,1.16092,1.16142,1.16072,1.161,7869.0
2025-12-02 07:00:00,OANDA:EURUSD,1.161,1.16164,1.16024,1.16102,18926.0
2025-12-02 11:00:00,OANDA:EURUSD,1.16103,1.16196,1.15984,1.16176,22220.0
2025-12-02 15:00:00,OANDA:EURUSD,1.16176,1.16233,1.15912,1.16072,35259.0
2025-12-02 19:00:00,OANDA:EURUSD,1.16072,1.1626,1.16056,1.16254,13839.0
2025-12-02 23:00:00,OANDA:EURUSD,1.16242,1.16376,1.16211,1.16368,8359.0
2025-12-03 03:00:00,OANDA:EURUSD,1.16369,1.16438,1.16354,1.16427,9857.0
2025-12-03 07:00:00,OANDA:EURUSD,1.16428,1.16528,1.16358,1.16456,23033.0
2025-12-03 11:00:00,OANDA:EURUSD,1.16458,1.16755,1.1645,1.16664,26057.0
2025-12-03 15:00:00,OANDA:EURUSD,1.16664,1.16709,1.16546,1.16686,37436.0
2025-12-03 19:00:00,OANDA:EURUSD,1.16687,1.16778,1.16643,1.16714,12487.0
2025-12-03 23:00:00,OANDA:EURUSD,1.16716,1.16754,1.16589,1.16633,8791.0
2025-12-04 03:00:00,OANDA:EURUSD,1.16634,1.1664,1.16534,1.16598,12812.0
2025-12-04 07:00:00,OANDA:EURUSD,1.166,1.1682,1.16531,1.16777,24334.0
2025-12-04 11:00:00,OANDA:EURUSD,1.16778,1.1681,1.1652,1.16648,28456.0
2025-12-04 15:00:00,OANDA:EURUSD,1.1665,1.16771,1.16531,1.16562,30079.0
2025-12-04 19:00:00,OANDA:EURUSD,1.16562,1.16599,1.1641,1.16449,14358.0
2025-12-04 23:00:00,OANDA:EURUSD,1.16464,1.16538,1.16412,1.16536,7490.0
2025-12-05 03:00:00,OANDA:EURUSD,1.16537,1.16592,1.16466,1.16592,9655.0
2025-12-05 07:00:00,OANDA:EURUSD,1.16592,1.16718,1.16483,1.16545,22015.0
2025-12-05 11:00:00,OANDA:EURUSD,1.16546,1.1657,1.16416,1.16518,22495.0
2025-12-05 15:00:00,OANDA:EURUSD,1.16518,1.16602,1.1628,1.16442,36668.0
2025-12-05 19:00:00,OANDA:EURUSD,1.16443,1.16486,1.16399,1.16438,11829.0
2025-12-07 23:00:00,OANDA:EURUSD,1.16401,1.16532,1.16395,1.16518,13140.0
2025-12-08 03:00:00,OANDA:EURUSD,1.16518,1.16564,1.16488,1.16562,12012.0
2025-12-08 07:00:00,OANDA:EURUSD,1.16562,1.16722,1.16479,1.16488,24647.0
2025-12-08 11:00:00,OANDA:EURUSD,1.16486,1.16576,1.16456,1.16484,24336.0
2025-12-08 15:00:00,OANDA:EURUSD,1.16484,1.16548,1.16165,1.16392,34341.0
2025-12-08 19:00:00,OANDA:EURUSD,1.16392,1.16422,1.16344,1.1637,13063.0
2025-12-08 23:00:00,OANDA:EURUSD,1.16352,1.16476,1.16352,1.16472,9151.0
2025-12-09 03:00:00,OANDA:EURUSD,1.16471,1.16506,1.16438,1.1649,10214.0
2025-12-09 07:00:00,OANDA:EURUSD,1.16486,1.16573,1.16337,1.16524,21068.0
2025-12-09 11:00:00,OANDA:EURUSD,1.16524,1.16543,1.1629,1.16346,23651.0
2025-12-09 15:00:00,OANDA:EURUSD,1.16346,1.16412,1.16151,1.16242,34594.0
2025-12-09 19:00:00,OANDA:EURUSD,1.1624,1.16322,1.16169,1.16266,11312.0
2025-12-09 23:00:00,OANDA:EURUSD,1.16275,1.16296,1.16224,1.16238,7819.0
2025-12-10 03:00:00,OANDA:EURUSD,1.16237,1.1631,1.16216,1.163,9041.0
2025-12-10 07:00:00,OANDA:EURUSD,1.16298,1.16578,1.16286,1.16365,21401.0
2025-12-10 11:00:00,OANDA:EURUSD,1.16364,1.16424,1.16276,1.16402,21027.0
2025-12-10 15:00:00,OANDA:EURUSD,1.16402,1.16604,1.16338,1.16588,25878.0
2025-12-10 19:00:00,OANDA:EURUSD,1.16587,1.16998,1.1647,1.16958,55891.0
2025-12-10 23:00:00,OANDA:EURUSD,1.16928,1.17074,1.16898,1.17017,12881.0
2025-12-11 03:00:00,OANDA:EURUSD,1.17018,1.17062,1.16846,1.16854,12249.0
2025-12-11 07:00:00,OANDA:EURUSD,1.16854,1.17066,1.16823,1.17022,21962.0
2025-12-11 11:00:00,OANDA:EURUSD,1.17022,1.17364,1.16989,1.17311,25253.0
2025-12-11 15:00:00,OANDA:EURUSD,1.1731,1.17628,1.17303,1.17552,32418.0
2025-12-11 19:00:00,OANDA:EURUSD,1.17552,1.17594,1.17365,1.17386,14207.0
2025-12-11 23:00:00,OANDA:EURUSD,1.17388,1.17462,1.17325,1.17349,10340.0
2025-12-12 03:00:00,OANDA:EURUSD,1.17348,1.17394,1.17312,1.17386,9840.0
2025-12-12 07:00:00,OANDA:EURUSD,1.17386,1.17434,1.1727,1.17328,20963.0
2025-12-12 11:00:00,OANDA:EURUSD,1.17328,1.17352,1.17196,1.17272,18013.0
2025-12-12 15:00:00,OANDA:EURUSD,1.17272,1.17482,1.17232,1.17478,28200.0
2025-12-12 19:00:00,OANDA:EURUSD,1.17478,1.17498,1.17354,1.17403,13888.0
2025-12-14 23:00:00,OANDA:EURUSD,1.1733,1.17425,1.17286,1.17414,9408.0
2025-12-15 03:00:00,OANDA:EURUSD,1.17414,1.17448,1.17318,1.17344,12526.0
2025-12-15 07:00:00,OANDA:EURUSD,1.17343,1.17436,1.17265,1.17434,20334.0
2025-12-15 11:00:00,OANDA:EURUSD,1.17434,1.17598,1.17392,1.17474,16030.0
2025-12-15 15:00:00,OANDA:EURUSD,1.17473,1.1769,1.17441,1.17459,29699.0
2025-12-15 19:00:00,OANDA:EURUSD,1.17458,1.17541,1.17384,1.17539,10729.0
2025-12-15 23:00:00,OANDA:EURUSD,1.17521,1.1758,1.17466,1.17519,10900.0
2025-12-16 03:00:00,OANDA:EURUSD,1.1752,1.17592,1.17494,1.17505,9103.0
2025-12-16 07:00:00,OANDA:EURUSD,1.17504,1.17642,1.17444,1.17561,18545.0
2025-12-16 11:00:00,OANDA:EURUSD,1.17562,1.17948,1.17517,1.17758,33070.0
2025-12-16 15:00:00,OANDA:EURUSD,1.17758,1.18042,1.17612,1.17639,36547.0
2025-12-16 19:00:00,OANDA:EURUSD,1.17639,1.17639,1.17346,1.1748,19022.0
2025-12-16 23:00:00,OANDA:EURUSD,1.17476,1.17524,1.17452,1.17474,8728.0
2025-12-17 03:00:00,OANDA:EURUSD,1.17473,1.1748,1.1725,1.17292,12849.0
2025-12-17 07:00:00,OANDA:EURUSD,1.17291,1.17306,1.17031,1.17162,26967.0
2025-12-17 11:00:00,OANDA:EURUSD,1.1716,1.17332,1.17078,1.17318,24608.0
2025-12-17 15:00:00,OANDA:EURUSD,1.17318,1.17582,1.17283,1.17494,30686.0
2025-12-17 19:00:00,OANDA:EURUSD,1.17494,1.17556,1.17384,1.17401,12009.0
2025-12-17 23:00:00,OANDA:EURUSD,1.17408,1.17458,1.17352,1.17386,8136.0
2025-12-18 03:00:00,OANDA:EURUSD,1.17386,1.17469,1.17368,1.17459,8878.0
2025-12-18 07:00:00,OANDA:EURUSD,1.17458,1.17497,1.17173,1.1722,18899.0
2025-12-18 11:00:00,OANDA:EURUSD,1.17218,1.17628,1.17124,1.17468,33539.0
2025-12-18 15:00:00,OANDA:EURUSD,1.17468,1.17558,1.17153,1.17188,42938.0
2025-12-18 19:00:00,OANDA:EURUSD,1.17189,1.17278,1.17154,1.17236,12185.0
2025-12-18 23:00:00,OANDA:EURUSD,1.17203,1.17288,1.17203,1.17244,9335.0
2025-12-19 03:00:00,OANDA:EURUSD,1.17243,1.17287,1.17156,1.172,10069.0
2025-12-19 07:00:00,OANDA:EURUSD,1.172,1.17216,1.17033,1.17122,23863.0
2025-12-19 11:00:00,OANDA:EURUSD,1.17124,1.17194,1.17024,1.17194,21236.0
2025-12-19 15:00:00,OANDA:EURUSD,1.17194,1.17378,1.17084,1.17192,27576.0
2025-12-19 19:00:00,OANDA:EURUSD,1.17193,1.17273,1.17062,1.17096,11735.0
2025-12-21 23:00:00,OANDA:EURUSD,1.17196,1.17196,1.17064,1.17172,13829.0
2025-12-22 03:00:00,OANDA:EURUSD,1.17172,1.17221,1.17136,1.17174,6980.0
2025-12-22 07:00:00,OANDA:EURUSD,1.17172,1.17384,1.1713,1.173,16425.0
2025-12-22 11:00:00,OANDA:EURUSD,1.17301,1.17546,1.17286,1.17506,20261.0
2025-12-22 15:00:00,OANDA:EURUSD,1.17507,1.17694,1.17451,1.17582,21494.0
2025-12-22 19:00:00,OANDA:EURUSD,1.17582,1.17623,1.17489,1.17619,9237.0
2025-12-22 23:00:00,OANDA:EURUSD,1.1758,1.17761,1.17571,1.1773,11961.0
2025-12-23 03:00:00,OANDA:EURUSD,1.17733,1.17806,1.17726,1.17751,10197.0
2025-12-23 07:00:00,OANDA:EURUSD,1.17753,1.1793,1.17686,1.17928,20424.0
2025-12-23 11:00:00,OANDA:EURUSD,1.17928,1.18022,1.17743,1.17748,21506.0
2025-12-23 15:00:00,OANDA:EURUSD,1.17748,1.17804,1.1764,1.1771,26654.0
2025-12-23 19:00:00,OANDA:EURUSD,1.17708,1.1797,1.17696,1.17934,10978.0
2025-12-23 23:00:00,OANDA:EURUSD,1.17927,1.18064,1.17904,1.18053,9500.0
2025-12-24 03:00:00,OANDA:EURUSD,1.18054,1.1808,1.17858,1.17992,10334.0
2025-12-24 07:00:00,OANDA:EURUSD,1.1799,1.1804,1.17798,1.17998,20094.0
2025-12-24 11:00:00,OANDA:EURUSD,1.17997,1.18001,1.17836,1.17853,20511.0
2025-12-24 15:00:00,OANDA:EURUSD,1.17852,1.1787,1.17726,1.17768,22374.0
2025-12-24 19:00:00,OANDA:EURUSD,1.17767,1.17822,1.17744,1.1777,6349.0
2025-12-25 23:00:00,OANDA:EURUSD,1.17805,1.1792,1.17767,1.17872,21220.0
2025-12-26 03:00:00,OANDA:EURUSD,1.17873,1.17936,1.178,1.17862,9688.0
2025-12-26 07:00:00,OANDA:EURUSD,1.17863,1.1788,1.17666,1.17703,20496.0
2025-12-26 11:00:00,OANDA:EURUSD,1.17701,1.17968,1.1769,1.17914,18855.0
2025-12-26 15:00:00,OANDA:EURUSD,1.17916,1.17946,1.17616,1.17702,31012.0
2025-12-26 19:00:00,OANDA:EURUSD,1.17704,1.17818,1.17658,1.1771,18963.0
2025-12-28 23:00:00,OANDA:EURUSD,1.1768,1.17864,1.17654,1.17842,10811.0
2025-12-29 03:00:00,OANDA:EURUSD,1.1784,1.17853,1.17537,1.1756,10535.0
2025-12-29 07:00:00,OANDA:EURUSD,1.17562,1.17891,1.17542,1.17764,22083.0
2025-12-29 11:00:00,OANDA:EURUSD,1.17764,1.17802,1.17555,1.17698,23932.0
2025-12-29 15:00:00,OANDA:EURUSD,1.17698,1.17888,1.17494,1.17521,32111.0
2025-12-29 19:00:00,OANDA:EURUSD,1.17519,1.17748,1.17508,1.17726,10862.0
2025-12-29 23:00:00,OANDA:EURUSD,1.1771,1.17754,1.17663,1.17751,10895.0
2025-12-30 03:00:00,OANDA:EURUSD,1.1775,1.17791,1.17706,1.17752,7239.0
2025-12-30 07:00:00,OANDA:EURUSD,1.17752,1.17798,1.17644,1.1769,16480.0
2025-12-30 11:00:00,OANDA:EURUSD,1.17688,1.17776,1.17554,1.17633,19348.0
2025-12-30 15:00:00,OANDA:EURUSD,1.17634,1.17668,1.17453,1.1756,23602.0
2025-12-30 19:00:00,OANDA:EURUSD,1.17561,1.17594,1.17434,1.1748,10689.0
2025-12-30 23:00:00,OANDA:EURUSD,1.17466,1.17492,1.17419,1.17426,5701.0
2025-12-31 03:00:00,OANDA:EURUSD,1.17424,1.17436,1.1733,1.17385,8766.0
2025-12-31 07:00:00,OANDA:EURUSD,1.17386,1.17398,1.172,1.17351,17372.0
2025-12-31 11:00:00,OANDA:EURUSD,1.1735,1.17595,1.17286,1.1742,22034.0
2025-12-31 15:00:00,OANDA:EURUSD,1.1742,1.17488,1.17202,1.1736,33067.0
2025-12-31 19:00:00,OANDA:EURUSD,1.1736,1.1753,1.17304,1.17459,11277.0
2026-01-01 23:00:00,OANDA:EURUSD,1.17498,1.17628,1.17458,1.1761,6048.0
2026-01-02 03:00:00,OANDA:EURUSD,1.1761,1.1765,1.17508,1.17513,6243.0
2026-01-02 07:00:00,OANDA:EURUSD,1.17512,1.17516,1.17206,1.17214,20345.0
2026-01-02 11:00:00,OANDA:EURUSD,1.17214,1.1729,1.17132,1.17215,19041.0
2026-01-02 15:00:00,OANDA:EURUSD,1.17217,1.17545,1.17158,1.17308,27378.0
2026-01-02 19:00:00,OANDA:EURUSD,1.17308,1.17314,1.17144,1.17196,14303.0
2026-01-04 23:00:00,OANDA:EURUSD,1.17239,1.17239,1.16996,1.17004,15463.0
2026-01-05 03:00:00,OANDA:EURUSD,1.17004,1.17016,1.16722,1.16855,14754.0
2026-01-05 07:00:00,OANDA:EURUSD,1.16856,1.1695,1.16739,1.16825,22992.0
2026-01-05 11:00:00,OANDA:EURUSD,1.16823,1.1691,1.16592,1.16746,25703.0
2026-01-05 15:00:00,OANDA:EURUSD,1.16746,1.17198,1.16733,1.17144,33824.0
2026-01-05 19:00:00,OANDA:EURUSD,1.17145,1.17288,1.17134,1.17216,12320.0
2026-01-05 23:00:00,OANDA:EURUSD,1.17206,1.17254,1.17106,1.17254,9421.0
2026-01-06 03:00:00,OANDA:EURUSD,1.17256,1.17384,1.17222,1.17288,11199.0
2026-01-06 07:00:00,OANDA:EURUSD,1.1729,1.17429,1.1708,1.17133,21537.0
2026-01-06 11:00:00,OANDA:EURUSD,1.17132,1.17172,1.16972,1.1711,21919.0
2026-01-06 15:00:00,OANDA:EURUSD,1.1711,1.17176,1.1684,1.17007,30326.0
2026-01-06 19:00:00,OANDA:EURUSD,1.17008,1.17022,1.1684,1.16888,14577.0
2026-01-06 23:00:00,OANDA:EURUSD,1.16865,1.17006,1.16852,1.16958,10242.0
2026-01-07 03:00:00,OANDA:EURUSD,1.16958,1.17027,1.16909,1.16931,11836.0
2026-01-07 07:00:00,OANDA:EURUSD,1.16932,1.16998,1.16729,1.16846,19659.0
2026-01-07 11:00:00,OANDA:EURUSD,1.16846,1.16948,1.16811,1.16917,21481.0
2026-01-07 15:00:00,OANDA:EURUSD,1.16916,1.16988,1.168,1.16879,32567.0
2026-01-07 19:00:00,OANDA:EURUSD,1.1688,1.16904,1.16738,1.16759,11756.0
2026-01-07 23:00:00,OANDA:EURUSD,1.16751,1.16782,1.16728,1.16748,6758.0
2026-01-08 03:00:00,OANDA:EURUSD,1.16748,1.1683,1.16728,1.16825,9752.0
2026-01-08 07:00:00,OANDA:EURUSD,1.16824,1.1683,1.1669,1.16768,19368.0
2026-01-08 11:00:00,OANDA:EURUSD,1.16768,1.1682,1.16583,1.16628,18522.0
2026-01-08 15:00:00,OANDA:EURUSD,1.16627,1.16738,1.16438,1.16508,25505.0
2026-01-08 19:00:00,OANDA:EURUSD,1.16506,1.16628,1.16426,1.16589,12902.0
2026-01-08 23:00:00,OANDA:EURUSD,1.16574,1.16622,1.16484,1.16492,7075.0
2026-01-09 03:00:00,OANDA:EURUSD,1.16493,1.16592,1.1646,1.16511,10803.0
2026-01-09 07:00:00,OANDA:EURUSD,1.16512,1.1653,1.164,1.16426,17309.0
2026-01-09 11:00:00,OANDA:EURUSD,1.16424,1.16608,1.16256,1.16452,28015.0
2026-01-09 15:00:00,OANDA:EURUSD,1.1645,1.16526,1.16182,1.16316,39816.0
2026-01-09 19:00:00,OANDA:EURUSD,1.16318,1.164,1.16296,1.16364,9854.0
2026-01-11 23:00:00,OANDA:EURUSD,1.1633,1.16714,1.16217,1.16562,16073.0
2026-01-12 03:00:00,OANDA:EURUSD,1.16562,1.16712,1.1653,1.16692,10950.0
2026-01-12 07:00:00,OANDA:EURUSD,1.16691,1.16959,1.16643,1.16818,22777.0
2026-01-12 11:00:00,OANDA:EURUSD,1.1682,1.16985,1.16756,1.16929,21202.0
2026-01-12 15:00:00,OANDA:EURUSD,1.16928,1.1693,1.16661,1.16686,26162.0
2026-01-12 19:00:00,OANDA:EURUSD,1.16686,1.1674,1.16631,1.16668,9307.0
2026-01-12 23:00:00,OANDA:EURUSD,1.167,1.16709,1.16562,1.16586,9212.0
2026-01-13 03:00:00,OANDA:EURUSD,1.16586,1.16676,1.16565,1.16628,9665.0
2026-01-13 07:00:00,OANDA:EURUSD,1.16629,1.16726,1.16538,1.1672,18195.0
2026-01-13 11:00:00,OANDA:EURUSD,1.16719,1.1678,1.16502,1.16684,25265.0
2026-01-13 15:00:00,OANDA:EURUSD,1.16684,1.16734,1.16342,1.16462,31445.0
2026-01-13 19:00:00,OANDA:EURUSD,1.16462,1.16546,1.16416,1.16428,12135.0
2026-01-13 23:00:00,OANDA:EURUSD,1.16436,1.16456,1.16368,1.16382,6934.0
2026-01-14 03:00:00,OANDA:EURUSD,1.16382,1.1649,1.16362,1.1642,7456.0
2026-01-14 07:00:00,OANDA:EURUSD,1.1642,1.16538,1.1641,1.16518,17050.0
2026-01-14 11:00:00,OANDA:EURUSD,1.16518,1.166,1.16438,1.165,21632.0
2026-01-14 15:00:00,OANDA:EURUSD,1.16498,1.16618,1.16456,1.16468,31246.0
2026-01-14 19:00:00,OANDA:EURUSD,1.16468,1.16479,1.16353,1.16454,13928.0
2026-01-14 23:00:00,OANDA:EURUSD,1.16469,1.16471,1.16333,1.16386,10167.0
2026-01-15 03:00:00,OANDA:EURUSD,1.16382,1.16415,1.16336,1.16352,9429.0
2026-01-15 07:00:00,OANDA:EURUSD,1.16352,1.164,1.1626,1.16359,20223.0
2026-01-15 11:00:00,OANDA:EURUSD,1.16358,1.16411,1.15988,1.16014,22676.0
2026-01-15 15:00:00,OANDA:EURUSD,1.16013,1.16138,1.15932,1.1609,28396.0
2026-01-15 19:00:00,OANDA:EURUSD,1.1609,1.16176,1.16028,1.16094,12201.0
2026-01-15 23:00:00,OANDA:EURUSD,1.16088,1.16104,1.16024,1.1607,7391.0
2026-01-16 03:00:00,OANDA:EURUSD,1.1607,1.16142,1.1606,1.16067,9750.0
2026-01-16 07:00:00,OANDA:EURUSD,1.16068,1.16153,1.16044,1.16084,16845.0
2026-01-16 11:00:00,OANDA:EURUSD,1.16084,1.16236,1.16082,1.16186,18242.0
2026-01-16 15:00:00,OANDA:EURUSD,1.16188,1.16275,1.15845,1.15957,36920.0
2026-01-16 19:00:00,OANDA:EURUSD,1.15955,1.16023,1.15894,1.15988,11652.0
2026-01-18 23:00:00,OANDA:EURUSD,1.15802,1.16378,1.15782,1.16226,24963.0
2026-01-19 03:00:00,OANDA:EURUSD,1.16227,1.16376,1.16157,1.16276,14564.0
2026-01-19 07:00:00,OANDA:EURUSD,1.16274,1.16415,1.16112,1.16245,21924.0
2026-01-19 11:00:00,OANDA:EURUSD,1.16244,1.16356,1.16202,1.16318,16590.0
2026-01-19 15:00:00,OANDA:EURUSD,1.16317,1.16475,1.16302,1.16458,14717.0
2026-01-19 19:00:00,OANDA:EURUSD,1.16459,1.16489,1.16419,1.1646,3963.0
2026-01-19 23:00:00,OANDA:EURUSD,1.16427,1.1647,1.16326,1.16438,8213.0
2026-01-20 03:00:00,OANDA:EURUSD,1.16438,1.16727,1.16406,1.16632,12183.0
2026-01-20 07:00:00,OANDA:EURUSD,1.16633,1.17328,1.16622,1.17262,35458.0
2026-01-20 11:00:00,OANDA:EURUSD,1.17262,1.17693,1.17153,1.17334,40443.0
2026-01-20 15:00:00,OANDA:EURUSD,1.17334,1.17428,1.17152,1.17316,43483.0
2026-01-20 19:00:00,OANDA:EURUSD,1.17315,1.17341,1.1711,1.17268,19458.0
2026-01-20 23:00:00,OANDA:EURUSD,1.17245,1.17342,1.17166,1.1729,10374.0
2026-01-21 03:00:00,OANDA:EURUSD,1.1729,1.17318,1.17106,1.17174,13702.0
2026-01-21 07:00:00,OANDA:EURUSD,1.17174,1.17254,1.17013,1.17036,21920.0
2026-01-21 11:00:00,OANDA:EURUSD,1.17034,1.1743,1.17016,1.17397,23941.0
2026-01-21 15:00:00,OANDA:EURUSD,1.17398,1.17408,1.16948,1.1703,50814.0
2026-01-21 19:00:00,OANDA:EURUSD,1.17028,1.17053,1.16762,1.16876,25771.0
2026-01-21 23:00:00,OANDA:EURUSD,1.16854,1.16902,1.16698,1.16888,11694.0
2026-01-22 03:00:00,OANDA:EURUSD,1.16888,1.16973,1.16835,1.16882,9717.0
2026-01-22 07:00:00,OANDA:EURUSD,1.16884,1.16974,1.16842,1.16926,20475.0
2026-01-22 11:00:00,OANDA:EURUSD,1.16927,1.17187,1.16866,1.17139,24438.0
2026-01-22 15:00:00,OANDA:EURUSD,1.17138,1.17508,1.17108,1.17464,31683.0
2026-01-22 19:00:00,OANDA:EURUSD,1.17463,1.17566,1.17412,1.17552,11321.0
2026-01-22 23:00:00,OANDA:EURUSD,1.17528,1.17592,1.1747,1.17494,9160.0
2026-01-23 03:00:00,OANDA:EURUSD,1.17493,1.1754,1.17432,1.1751,10493.0
2026-01-23 07:00:00,OANDA:EURUSD,1.1751,1.1753,1.17283,1.17354,30593.0
2026-01-23 11:00:00,OANDA:EURUSD,1.17354,1.17473,1.173,1.17341,18688.0
2026-01-23 15:00:00,OANDA:EURUSD,1.17342,1.1799,1.17319,1.17944,36744.0
2026-01-23 19:00:00,OANDA:EURUSD,1.17944,1.18339,1.17772,1.18277,26905.0
2026-01-25 23:00:00,OANDA:EURUSD,1.18635,1.18977,1.18444,1.18578,33735.0
2026-01-26 03:00:00,OANDA:EURUSD,1.18578,1.18766,1.18554,1.1865,25011.0
2026-01-26 07:00:00,OANDA:EURUSD,1.1865,1.18674,1.18365,1.18637,37519.0
2026-01-26 11:00:00,OANDA:EURUSD,1.18638,1.18653,1.1835,1.1856,26607.0
2026-01-26 15:00:00,OANDA:EURUSD,1.1856,1.19072,1.18526,1.18788,39076.0
2026-01-26 19:00:00,OANDA:EURUSD,1.18788,1.18904,1.18706,1.188,21709.0
2026-01-26 23:00:00,OANDA:EURUSD,1.18767,1.18826,1.18716,1.18788,13784.0
2026-01-27 03:00:00,OANDA:EURUSD,1.18788,1.18996,1.187,1.18766,15118.0
2026-01-27 07:00:00,OANDA:EURUSD,1.18767,1.18898,1.18504,1.18891,26222.0
2026-01-27 11:00:00,OANDA:EURUSD,1.1889,1.19386,1.18742,1.19234,43137.0
2026-01-27 15:00:00,OANDA:EURUSD,1.19234,1.19902,1.19184,1.198,56885.0
2026-01-27 19:00:00,OANDA:EURUSD,1.198,1.20831,1.19712,1.20409,55944.0
2026-01-27 23:00:00,OANDA:EURUSD,1.20395,1.20475,1.19928,1.19929,22780.0
2026-01-28 03:00:00,OANDA:EURUSD,1.19928,1.2005,1.19748,1.1997,21621.0
2026-01-28 07:00:00,OANDA:EURUSD,1.1997,1.20259,1.19704,1.19869,38562.0
2026-01-28 11:00:00,OANDA:EURUSD,1.1987,1.1995,1.1952,1.19576,32767.0
2026-01-28 15:00:00,OANDA:EURUSD,1.19578,1.19776,1.19186,1.1941,65307.0
2026-01-28 19:00:00,OANDA:EURUSD,1.1941,1.19542,1.18958,1.19538,46646.0
2026-01-28 23:00:00,OANDA:EURUSD,1.19556,1.19852,1.19526,1.19614,18603.0
2026-01-29 03:00:00,OANDA:EURUSD,1.19614,1.19938,1.19532,1.19812,19384.0
2026-01-29 07:00:00,OANDA:EURUSD,1.19812,1.19966,1.19515,1.19558,33648.0
2026-01-29 11:00:00,OANDA:EURUSD,1.1956,1.19708,1.19382,1.19562,35356.0
2026-01-29 15:00:00,OANDA:EURUSD,1.19564,1.19725,1.19062,1.19558,84589.0
2026-01-29 19:00:00,OANDA:EURUSD,1.19556,1.19714,1.19458,1.19707,24688.0
2026-01-29 23:00:00,OANDA:EURUSD,1.19693,1.19748,1.19142,1.1917,28717.0
2026-01-30 03:00:00,OANDA:EURUSD,1.19171,1.19351,1.18946,1.19248,39681.0
2026-01-30 07:00:00,OANDA:EURUSD,1.19247,1.19434,1.18982,1.19083,50544.0
2026-01-30 11:00:00,OANDA:EURUSD,1.19078,1.19546,1.19018,1.19128,46022.0
2026-01-30 15:00:00,OANDA:EURUSD,1.19128,1.19213,1.18667,1.18724,67057.0
2026-01-30 19:00:00,OANDA:EURUSD,1.18724,1.1885,1.185,1.18506,40742.0
2026-02-01 23:00:00,OANDA:EURUSD,1.1851,1.18748,1.18398,1.18706,35592.0
2026-02-02 03:00:00,OANDA:EURUSD,1.1871,1.18748,1.1841,1.18508,29302.0
2026-02-02 07:00:00,OANDA:EURUSD,1.18507,1.18668,1.18432,1.18623,46160.0
2026-02-02 11:00:00,OANDA:EURUSD,1.18622,1.18714,1.1818,1.1821,38357.0
2026-02-02 15:00:00,OANDA:EURUSD,1.1821,1.183,1.17904,1.18,58413.0
2026-02-02 19:00:00,OANDA:EURUSD,1.18002,1.18013,1.1776,1.17904,23810.0
2026-02-02 23:00:00,OANDA:EURUSD,1.1788,1.18149,1.17874,1.1814,14994.0
2026-02-03 03:00:00,OANDA:EURUSD,1.18139,1.18168,1.18008,1.18088,16178.0
2026-02-03 07:00:00,OANDA:EURUSD,1.1809,1.18244,1.17921,1.17922,29479.0
2026-02-03 11:00:00,OANDA:EURUSD,1.17922,1.18068,1.17826,1.17961,27428.0
2026-02-03 15:00:00,OANDA:EURUSD,1.17961,1.18292,1.178,1.18162,42805.0
2026-02-03 19:00:00,OANDA:EURUSD,1.18162,1.18254,1.18058,1.1818,20912.0
2026-02-03 23:00:00,OANDA:EURUSD,1.18182,1.1832,1.18088,1.1826,14998.0
2026-02-04 03:00:00,OANDA:EURUSD,1.18261,1.18362,1.1819,1.1833,13059.0
2026-02-04 07:00:00,OANDA:EURUSD,1.18332,1.1838,1.18112,1.18136,24991.0
2026-02-04 11:00:00,OANDA:EURUSD,1.18136,1.18273,1.18048,1.18226,26971.0
2026-02-04 15:00:00,OANDA:EURUSD,1.18226,1.18258,1.17906,1.17978,50533.0
2026-02-04 19:00:00,OANDA:EURUSD,1.17976,1.18098,1.17947,1.18055,21473.0
2026-02-04 23:00:00,OANDA:EURUSD,1.18058,1.18084,1.17995,1.18038,9838.0
2026-02-05 03:00:00,OANDA:EURUSD,1.18039,1.18054,1.17828,1.17901,19787.0
2026-02-05 07:00:00,OANDA:EURUSD,1.17902,1.18088,1.17804,1.17808,28033.0
2026-02-05 11:00:00,OANDA:EURUSD,1.17808,1.18155,1.17804,1.18118,40308.0
2026-02-05 15:00:00,OANDA:EURUSD,1.18117,1.18218,1.1782,1.18009,56732.0
2026-02-05 19:00:00,OANDA:EURUSD,1.1801,1.18029,1.1775,1.17792,16547.0
2026-02-05 23:00:00,OANDA:EURUSD,1.17776,1.17884,1.17656,1.17853,16329.0
2026-02-06 03:00:00,OANDA:EURUSD,1.17852,1.18014,1.17846,1.17984,12261.0
2026-02-06 07:00:00,OANDA:EURUSD,1.17983,1.1802,1.17858,1.1792,23124.0
2026-02-06 11:00:00,OANDA:EURUSD,1.1792,1.18112,1.17857,1.18104,19947.0
2026-02-06 15:00:00,OANDA:EURUSD,1.18104,1.18262,1.18052,1.1818,31421.0
2026-02-06 19:00:00,OANDA:EURUSD,1.1818,1.18241,1.18134,1.18168,10464.0
2026-02-08 23:00:00,OANDA:EURUSD,1.18126,1.18337,1.18097,1.18256,18384.0
2026-02-09 03:00:00,OANDA:EURUSD,1.18254,1.18363,1.18161,1.18334,11038.0
2026-02-09 07:00:00,OANDA:EURUSD,1.18334,1.18698,1.18332,1.18622,30938.0
2026-02-09 11:00:00,OANDA:EURUSD,1.18622,1.19058,1.18552,1.19037,33442.0
2026-02-09 15:00:00,OANDA:EURUSD,1.19038,1.19268,1.1893,1.19086,37592.0
2026-02-09 19:00:00,OANDA:EURUSD,1.19086,1.19224,1.19037,1.19151,16161.0
2026-02-09 23:00:00,OANDA:EURUSD,1.19118,1.19156,1.18967,1.19058,9724.0
2026-02-10 03:00:00,OANDA:EURUSD,1.19057,1.19171,1.19038,1.19073,12127.0
2026-02-10 07:00:00,OANDA:EURUSD,1.19072,1.192,1.18994,1.19145,22534.0
2026-02-10 11:00:00,OANDA:EURUSD,1.19146,1.19176,1.18884,1.19055,26628.0
2026-02-10 15:00:00,OANDA:EURUSD,1.19055,1.19288,1.18933,1.18958,40741.0
2026-02-10 19:00:00,OANDA:EURUSD,1.18958,1.19035,1.18868,1.18948,13310.0
2026-02-10 23:00:00,OANDA:EURUSD,1.18951,1.19021,1.18864,1.18978,11498.0
2026-02-11 03:00:00,OANDA:EURUSD,1.1898,1.19193,1.18978,1.19185,13314.0
2026-02-11 07:00:00,OANDA:EURUSD,1.19184,1.19258,1.19101,1.19181,21722.0
2026-02-11 11:00:00,OANDA:EURUSD,1.1918,1.19274,1.18332,1.1862,46251.0
2026-02-11 15:00:00,OANDA:EURUSD,1.18621,1.18937,1.18511,1.18858,57543.0
2026-02-11 19:00:00,OANDA:EURUSD,1.18858,1.18908,1.18687,1.18714,15490.0
2026-02-11 23:00:00,OANDA:EURUSD,1.18724,1.18826,1.18669,1.18809,11808.0
2026-02-12 03:00:00,OANDA:EURUSD,1.18808,1.18848,1.18584,1.18648,14005.0
2026-02-12 07:00:00,OANDA:EURUSD,1.18647,1.1888,1.18524,1.18872,25745.0
2026-02-12 11:00:00,OANDA:EURUSD,1.18873,1.18875,1.1867,1.1885,23226.0
2026-02-12 15:00:00,OANDA:EURUSD,1.1885,1.189,1.186,1.18654,52086.0
2026-02-12 19:00:00,OANDA:EURUSD,1.18654,1.18728,1.18562,1.18712,20108.0
2026-02-12 23:00:00,OANDA:EURUSD,1.18681,1.18736,1.18632,1.18672,10063.0
2026-02-13 03:00:00,OANDA:EURUSD,1.18673,1.18712,1.18579,1.18594,10718.0
2026-02-13 07:00:00,OANDA:EURUSD,1.18593,1.18666,1.18471,1.18606,21103.0
2026-02-13 11:00:00,OANDA:EURUSD,1.18606,1.18846,1.18529,1.18743,31721.0
2026-02-13 15:00:00,OANDA:EURUSD,1.18742,1.18828,1.18476,1.18749,40476.0
2026-02-13 19:00:00,OANDA:EURUSD,1.1875,1.18806,1.18645,1.18678,14355.0
2026-02-15 23:00:00,OANDA:EURUSD,1.18709,1.18728,1.1859,1.18654,9669.0
2026-02-16 03:00:00,OANDA:EURUSD,1.18654,1.1869,1.1861,1.1865,8985.0
2026-02-16 07:00:00,OANDA:EURUSD,1.18648,1.18706,1.18566,1.18645,16583.0
2026-02-16 11:00:00,OANDA:EURUSD,1.18643,1.18678,1.18492,1.18548,13846.0
2026-02-16 15:00:00,OANDA:EURUSD,1.18547,1.18636,1.18464,1.18482,13027.0
2026-02-16 19:00:00,OANDA:EURUSD,1.18484,1.18552,1.18483,1.18511,2754.0
2026-02-16 23:00:00,OANDA:EURUSD,1.18507,1.18522,1.18408,1.18444,9430.0
2026-02-17 03:00:00,OANDA:EURUSD,1.18443,1.18474,1.18357,1.18416,11264.0
2026-02-17 07:00:00,OANDA:EURUSD,1.18416,1.18499,1.18286,1.18466,20023.0
2026-02-17 11:00:00,OANDA:EURUSD,1.18462,1.18472,1.18158,1.18222,24400.0
2026-02-17 15:00:00,OANDA:EURUSD,1.18223,1.18424,1.1805,1.18394,39729.0
2026-02-17 19:00:00,OANDA:EURUSD,1.18398,1.18547,1.18388,1.18536,13437.0
2026-02-17 23:00:00,OANDA:EURUSD,1.18529,1.18578,1.18426,1.18463,8606.0
2026-02-18 03:00:00,OANDA:EURUSD,1.18464,1.18474,1.18394,1.18458,7987.0
2026-02-18 07:00:00,OANDA:EURUSD,1.18458,1.18464,1.18285,1.18361,17694.0
2026-02-18 11:00:00,OANDA:EURUSD,1.18362,1.18486,1.18236,1.18238,17979.0
2026-02-18 15:00:00,OANDA:EURUSD,1.18238,1.18278,1.18022,1.1806,28965.0
2026-02-18 19:00:00,OANDA:EURUSD,1.18061,1.18074,1.17822,1.17836,18585.0
2026-02-18 23:00:00,OANDA:EURUSD,1.17845,1.17952,1.17842,1.17946,7650.0
2026-02-19 03:00:00,OANDA:EURUSD,1.17946,1.17957,1.17848,1.17916,10779.0
2026-02-19 07:00:00,OANDA:EURUSD,1.17916,1.18077,1.179,1.18,17476.0
2026-02-19 11:00:00,OANDA:EURUSD,1.18,1.18032,1.17514,1.17656,25393.0
2026-02-19 15:00:00,OANDA:EURUSD,1.17655,1.17756,1.1742,1.1766,42967.0
2026-02-19 19:00:00,OANDA:EURUSD,1.1766,1.17782,1.17591,1.17716,15637.0
2026-02-19 23:00:00,OANDA:EURUSD,1.17715,1.1776,1.17551,1.1759,10638.0
2026-02-20 03:00:00,OANDA:EURUSD,1.1759,1.176,1.17502,1.17554,10212.0
2026-02-20 07:00:00,OANDA:EURUSD,1.17555,1.17682,1.17434,1.17668,21996.0
2026-02-20 11:00:00,OANDA:EURUSD,1.17668,1.1783,1.17572,1.17694,25331.0
2026-02-20 15:00:00,OANDA:EURUSD,1.17692,1.18076,1.17554,1.17802,73442.0
2026-02-20 19:00:00,OANDA:EURUSD,1.17802,1.1799,1.17768,1.17818,28531.0
2026-02-22 23:00:00,OANDA:EURUSD,1.17963,1.18348,1.17931,1.18262,22346.0
2026-02-23 03:00:00,OANDA:EURUSD,1.18263,1.18312,1.18151,1.18198,12998.0
2026-02-23 07:00:00,OANDA:EURUSD,1.18196,1.1834,1.18002,1.18008,21491.0
2026-02-23 11:00:00,OANDA:EURUSD,1.18009,1.18014,1.17744,1.17958,23486.0
2026-02-23 15:00:00,OANDA:EURUSD,1.17958,1.181,1.17882,1.17988,36037.0
2026-02-23 19:00:00,OANDA:EURUSD,1.17987,1.1801,1.17843,1.17854,13021.0
2026-02-23 23:00:00,OANDA:EURUSD,1.1789,1.17964,1.17716,1.1782,12732.0
2026-02-24 03:00:00,OANDA:EURUSD,1.17818,1.17855,1.1768,1.178,10740.0
2026-02-24 07:00:00,OANDA:EURUSD,1.17801,1.17932,1.17716,1.17877,24039.0
2026-02-24 11:00:00,OANDA:EURUSD,1.17878,1.17912,1.1768,1.17722,20283.0
2026-02-24 15:00:00,OANDA:EURUSD,1.17723,1.17902,1.17662,1.17856,28606.0
2026-02-24 19:00:00,OANDA:EURUSD,1.17856,1.17867,1.17734,1.17738,10141.0
2026-02-24 23:00:00,OANDA:EURUSD,1.17734,1.17822,1.17726,1.17786,9077.0
2026-02-25 03:00:00,OANDA:EURUSD,1.17785,1.18055,1.17782,1.1801,16872.0
2026-02-25 07:00:00,OANDA:EURUSD,1.1801,1.1808,1.17856,1.1788,21469.0
2026-02-25 11:00:00,OANDA:EURUSD,1.1788,1.17902,1.1771,1.17737,19427.0
2026-02-25 15:00:00,OANDA:EURUSD,1.17737,1.18144,1.17731,1.18074,29458.0
2026-02-25 19:00:00,OANDA:EURUSD,1.18075,1.1813,1.18028,1.18101,10757.0
2026-02-25 23:00:00,OANDA:EURUSD,1.18089,1.1829,1.18073,1.18274,10379.0
2026-02-26 03:00:00,OANDA:EURUSD,1.18274,1.1829,1.18126,1.18198,11668.0
2026-02-26 07:00:00,OANDA:EURUSD,1.18197,1.18223,1.17968,1.17973,19367.0
2026-02-26 11:00:00,OANDA:EURUSD,1.17971,1.18168,1.17934,1.18068,18409.0
2026-02-26 15:00:00,OANDA:EURUSD,1.1807,1.18158,1.1774,1.17762,36172.0
2026-02-26 19:00:00,OANDA:EURUSD,1.17762,1.18039,1.17741,1.17976,15004.0
2026-02-26 23:00:00,OANDA:EURUSD,1.17972,1.18057,1.1789,1.17901,11816.0
2026-02-27 03:00:00,OANDA:EURUSD,1.17903,1.18132,1.17903,1.18086,10834.0
2026-02-27 07:00:00,OANDA:EURUSD,1.18084,1.18218,1.17928,1.17952,20725.0
2026-02-27 11:00:00,OANDA:EURUSD,1.17954,1.18083,1.17904,1.17926,22140.0
2026-02-27 15:00:00,OANDA:EURUSD,1.17926,1.1827,1.17908,1.18166,35255.0
2026-02-27 19:00:00,OANDA:EURUSD,1.18168,1.1826,1.18111,1.18172,13732.0
2026-03-01 23:00:00,OANDA:EURUSD,1.17685,1.17944,1.1756,1.1792,29147.0
2026-03-02 03:00:00,OANDA:EURUSD,1.1792,1.17958,1.17662,1.17664,15831.0
2026-03-02 07:00:00,OANDA:EURUSD,1.17664,1.17667,1.16981,1.17332,45319.0
2026-03-02 11:00:00,OANDA:EURUSD,1.17331,1.17473,1.16952,1.16986,34594.0
2026-03-02 15:00:00,OANDA:EURUSD,1.16986,1.1724,1.16719,1.17072,49291.0
2026-03-02 19:00:00,OANDA:EURUSD,1.17072,1.17134,1.16786,1.169,26164.0
2026-03-02 23:00:00,OANDA:EURUSD,1.16868,1.1707,1.16854,1.16969,14248.0
2026-03-03 03:00:00,OANDA:EURUSD,1.16968,1.1699,1.16652,1.16667,22879.0
2026-03-03 07:00:00,OANDA:EURUSD,1.1667,1.16716,1.15986,1.16055,46502.0
2026-03-03 11:00:00,OANDA:EURUSD,1.16054,1.16154,1.1582,1.15906,51719.0
2026-03-03 15:00:00,OANDA:EURUSD,1.15905,1.16062,1.15303,1.15905,85974.0
2026-03-03 19:00:00,OANDA:EURUSD,1.15904,1.16259,1.15899,1.16124,37913.0
2026-03-03 23:00:00,OANDA:EURUSD,1.1613,1.16205,1.15748,1.15938,24074.0
2026-03-04 03:00:00,OANDA:EURUSD,1.15939,1.16104,1.1587,1.15952,26298.0
2026-03-04 07:00:00,OANDA:EURUSD,1.15952,1.16282,1.15898,1.16086,38710.0
2026-03-04 11:00:00,OANDA:EURUSD,1.16086,1.16549,1.16086,1.16311,48539.0
2026-03-04 15:00:00,OANDA:EURUSD,1.1631,1.16462,1.16165,1.16331,47472.0
2026-03-04 19:00:00,OANDA:EURUSD,1.16332,1.16438,1.16234,1.16354,15447.0
2026-03-04 23:00:00,OANDA:EURUSD,1.16304,1.16474,1.16271,1.16282,14662.0
2026-03-05 03:00:00,OANDA:EURUSD,1.16282,1.16318,1.1594,1.15945,20486.0
2026-03-05 07:00:00,OANDA:EURUSD,1.15944,1.16447,1.15816,1.16226,56262.0
2026-03-05 11:00:00,OANDA:EURUSD,1.16226,1.16317,1.15896,1.15974,35097.0
2026-03-05 15:00:00,OANDA:EURUSD,1.15973,1.16092,1.1559,1.1588,64054.0
2026-03-05 19:00:00,OANDA:EURUSD,1.1588,1.16104,1.15701,1.16086,43015.0
2026-03-05 23:00:00,OANDA:EURUSD,1.16088,1.16202,1.16034,1.16151,13873.0
2026-03-06 03:00:00,OANDA:EURUSD,1.1615,1.16212,1.16057,1.16064,14390.0
2026-03-06 07:00:00,OANDA:EURUSD,1.16064,1.16183,1.15718,1.15744,29122.0
2026-03-06 11:00:00,OANDA:EURUSD,1.15743,1.15964,1.15502,1.1555,55969.0
2026-03-06 15:00:00,OANDA:EURUSD,1.1555,1.16131,1.15461,1.15956,79109.0
2026-03-06 19:00:00,OANDA:EURUSD,1.15958,1.16214,1.1593,1.16168,34805.0
2026-03-08 22:00:00,OANDA:EURUSD,1.1549,1.15574,1.15162,1.15172,32219.0
2026-03-09 02:00:00,OANDA:EURUSD,1.15172,1.15296,1.15072,1.1526,35972.0
2026-03-09 06:00:00,OANDA:EURUSD,1.15259,1.15716,1.15154,1.15348,67178.0
2026-03-09 10:00:00,OANDA:EURUSD,1.15348,1.15732,1.1531,1.15534,63872.0
2026-03-09 14:00:00,OANDA:EURUSD,1.15536,1.15994,1.15474,1.15876,77416.0
2026-03-09 18:00:00,OANDA:EURUSD,1.15876,1.16378,1.15753,1.16372,50165.0
2026-03-09 22:00:00,OANDA:EURUSD,1.16365,1.16458,1.16116,1.16264,21012.0
2026-03-10 02:00:00,OANDA:EURUSD,1.16262,1.163,1.1607,1.16118,26810.0
2026-03-10 06:00:00,OANDA:EURUSD,1.16118,1.16636,1.16117,1.16458,33338.0
2026-03-10 10:00:00,OANDA:EURUSD,1.16456,1.1659,1.16203,1.16345,45144.0
2026-03-10 14:00:00,OANDA:EURUSD,1.16346,1.16552,1.1627,1.1652,46089.0
2026-03-10 18:00:00,OANDA:EURUSD,1.16518,1.16672,1.16058,1.16084,54755.0
2026-03-10 22:00:00,OANDA:EURUSD,1.16091,1.16248,1.16029,1.1618,12090.0
2026-03-11 02:00:00,OANDA:EURUSD,1.1618,1.16352,1.16125,1.16338,19170.0
2026-03-11 06:00:00,OANDA:EURUSD,1.16338,1.16456,1.16036,1.16126,34449.0
2026-03-11 10:00:00,OANDA:EURUSD,1.16127,1.1614,1.15774,1.15824,48105.0
2026-03-11 14:00:00,OANDA:EURUSD,1.15825,1.16128,1.15632,1.1571,61727.0
2026-03-11 18:00:00,OANDA:EURUSD,1.1571,1.15764,1.15608,1.1567,23603.0
2026-03-11 22:00:00,OANDA:EURUSD,1.15668,1.15745,1.15342,1.15458,13978.0
2026-03-12 02:00:00,OANDA:EURUSD,1.1546,1.15556,1.15321,1.15332,18066.0
2026-03-12 06:00:00,OANDA:EURUSD,1.1533,1.15561,1.15327,1.15474,24149.0
2026-03-12 10:00:00,OANDA:EURUSD,1.15473,1.15663,1.15326,1.15393,25461.0
2026-03-12 14:00:00,OANDA:EURUSD,1.15394,1.15504,1.1511,1.1522,62441.0
2026-03-12 18:00:00,OANDA:EURUSD,1.1522,1.15319,1.15102,1.15109,22550.0
2026-03-12 22:00:00,OANDA:EURUSD,1.1513,1.15284,1.1511,1.15235,9906.0
2026-03-13 02:00:00,OANDA:EURUSD,1.15235,1.15298,1.15,1.15034,16384.0
2026-03-13 06:00:00,OANDA:EURUSD,1.15033,1.15066,1.1433,1.14452,30223.0
2026-03-13 10:00:00,OANDA:EURUSD,1.14452,1.14886,1.14452,1.14779,42391.0
2026-03-13 14:00:00,OANDA:EURUSD,1.1478,1.14902,1.14345,1.14422,54107.0
2026-03-13 18:00:00,OANDA:EURUSD,1.1442,1.14462,1.1411,1.14164,23096.0
2026-03-15 22:00:00,OANDA:EURUSD,1.1424,1.14556,1.1419,1.14549,16982.0
2026-03-16 02:00:00,OANDA:EURUSD,1.1455,1.14566,1.14397,1.14416,16743.0
2026-03-16 06:00:00,OANDA:EURUSD,1.14416,1.14454,1.14143,1.14448,24218.0
2026-03-16 10:00:00,OANDA:EURUSD,1.1445,1.1488,1.1441,1.14739,32304.0
2026-03-16 14:00:00,OANDA:EURUSD,1.1474,1.15022,1.1474,1.14935,38187.0
2026-03-16 18:00:00,OANDA:EURUSD,1.14936,1.1525,1.14906,1.15056,25787.0
2026-03-16 22:00:00,OANDA:EURUSD,1.1506,1.15129,1.14892,1.14926,8796.0
2026-03-17 02:00:00,OANDA:EURUSD,1.14924,1.1503,1.14865,1.14972,11877.0
2026-03-17 06:00:00,OANDA:EURUSD,1.14972,1.15182,1.1466,1.15105,23104.0
2026-03-17 10:00:00,OANDA:EURUSD,1.15107,1.15248,1.1504,1.15242,27325.0
2026-03-17 14:00:00,OANDA:EURUSD,1.15244,1.15438,1.15182,1.15281,40771.0
2026-03-17 18:00:00,OANDA:EURUSD,1.1528,1.15472,1.15265,1.15401,14038.0
2026-03-17 22:00:00,OANDA:EURUSD,1.1538,1.15446,1.1532,1.15326,15865.0
2026-03-18 02:00:00,OANDA:EURUSD,1.15327,1.15426,1.15322,1.15417,9463.0
2026-03-18 06:00:00,OANDA:EURUSD,1.15417,1.15494,1.15178,1.15325,15876.0
2026-03-18 10:00:00,OANDA:EURUSD,1.15324,1.15554,1.15056,1.15075,32652.0
2026-03-18 14:00:00,OANDA:EURUSD,1.15074,1.15296,1.14906,1.15108,47996.0
2026-03-18 18:00:00,OANDA:EURUSD,1.15108,1.15252,1.14499,1.14516,40347.0
2026-03-18 22:00:00,OANDA:EURUSD,1.14516,1.14744,1.14512,1.14741,14220.0
2026-03-19 02:00:00,OANDA:EURUSD,1.14742,1.14914,1.1467,1.1469,17438.0
2026-03-19 06:00:00,OANDA:EURUSD,1.14688,1.14768,1.1443,1.1451,35342.0
2026-03-19 10:00:00,OANDA:EURUSD,1.14512,1.14899,1.1451,1.14873,54468.0
2026-03-19 14:00:00,OANDA:EURUSD,1.14871,1.1539,1.14692,1.15358,98578.0
2026-03-19 18:00:00,OANDA:EURUSD,1.15359,1.16164,1.15358,1.15891,50386.0
2026-03-19 22:00:00,OANDA:EURUSD,1.15886,1.15952,1.1571,1.15739,10548.0
2026-03-20 02:00:00,OANDA:EURUSD,1.15738,1.15771,1.1555,1.15556,13034.0
2026-03-20 06:00:00,OANDA:EURUSD,1.15556,1.15808,1.15524,1.15678,22697.0
2026-03-20 10:00:00,OANDA:EURUSD,1.15678,1.158,1.15351,1.15644,39992.0
2026-03-20 14:00:00,OANDA:EURUSD,1.15646,1.15666,1.15246,1.15592,62247.0
2026-03-20 18:00:00,OANDA:EURUSD,1.15594,1.15722,1.1547,1.15711,38422.0
2026-03-22 22:00:00,OANDA:EURUSD,1.15378,1.15648,1.15372,1.15444,18580.0
2026-03-23 02:00:00,OANDA:EURUSD,1.15443,1.15617,1.15426,1.15506,24617.0
2026-03-23 06:00:00,OANDA:EURUSD,1.15504,1.15525,1.15205,1.15297,38480.0
2026-03-23 10:00:00,OANDA:EURUSD,1.15301,1.162,1.14846,1.16127,133839.0
2026-03-23 14:00:00,OANDA:EURUSD,1.1613,1.16399,1.15764,1.15911,128521.0
2026-03-23 18:00:00,OANDA:EURUSD,1.15912,1.16374,1.15867,1.16112,42383.0
2026-03-23 22:00:00,OANDA:EURUSD,1.16138,1.16178,1.15812,1.15884,18574.0
2026-03-24 02:00:00,OANDA:EURUSD,1.15886,1.1596,1.15758,1.15802,27710.0
2026-03-24 06:00:00,OANDA:EURUSD,1.15803,1.1618,1.15758,1.15884,45502.0
2026-03-24 10:00:00,OANDA:EURUSD,1.15886,1.16008,1.15788,1.15846,40372.0
2026-03-24 14:00:00,OANDA:EURUSD,1.15848,1.1607,1.15672,1.15827,73919.0
2026-03-24 18:00:00,OANDA:EURUSD,1.15826,1.16284,1.1557,1.16076,56893.0
2026-03-24 22:00:00,OANDA:EURUSD,1.16064,1.16307,1.16018,1.16234,19315.0
2026-03-25 02:00:00,OANDA:EURUSD,1.16232,1.16245,1.15975,1.15979,20103.0
2026-03-25 06:00:00,OANDA:EURUSD,1.15978,1.16166,1.1587,1.16027,30122.0
2026-03-25 10:00:00,OANDA:EURUSD,1.16028,1.16138,1.15864,1.15914,38389.0
2026-03-25 14:00:00,OANDA:EURUSD,1.15915,1.1599,1.15554,1.15676,55513.0
2026-03-25 18:00:00,OANDA:EURUSD,1.15674,1.15838,1.1556,1.15592,24281.0
2026-03-25 22:00:00,OANDA:EURUSD,1.1559,1.15648,1.1554,1.15583,7648.0
2026-03-26 02:00:00,OANDA:EURUSD,1.15581,1.15724,1.15548,1.15694,12991.0
2026-03-26 06:00:00,OANDA:EURUSD,1.15696,1.15699,1.15476,1.15598,23250.0
2026-03-26 10:00:00,OANDA:EURUSD,1.15597,1.15652,1.15226,1.15351,28798.0
2026-03-26 14:00:00,OANDA:EURUSD,1.15352,1.1555,1.15309,1.15357,51486.0
2026-03-26 18:00:00,OANDA:EURUSD,1.15356,1.15591,1.15196,1.15294,30344.0
2026-03-26 22:00:00,OANDA:EURUSD,1.15322,1.15406,1.15244,1.15305,11720.0
2026-03-27 02:00:00,OANDA:EURUSD,1.15304,1.15438,1.15297,1.15428,14530.0
2026-03-27 06:00:00,OANDA:EURUSD,1.15429,1.15463,1.15158,1.15207,21775.0
2026-03-27 10:00:00,OANDA:EURUSD,1.15202,1.15262,1.15018,1.15151,25667.0
2026-03-27 14:00:00,OANDA:EURUSD,1.15152,1.1548,1.15141,1.15192,47889.0
2026-03-27 18:00:00,OANDA:EURUSD,1.1519,1.15292,1.15063,1.15114,23057.0
2026-03-29 23:00:00,OANDA:EURUSD,1.15029,1.15128,1.14876,1.15068,20582.0
2026-03-30 03:00:00,OANDA:EURUSD,1.15068,1.15213,1.15014,1.15136,16405.0
2026-03-30 07:00:00,OANDA:EURUSD,1.15136,1.15202,1.14907,1.14962,22243.0
2026-03-30 11:00:00,OANDA:EURUSD,1.14963,1.15004,1.1473,1.14828,31605.0
2026-03-30 15:00:00,OANDA:EURUSD,1.14827,1.1488,1.14432,1.14602,42441.0
2026-03-30 19:00:00,OANDA:EURUSD,1.14602,1.14662,1.14538,1.14618,17497.0
2026-03-30 23:00:00,OANDA:EURUSD,1.14587,1.14763,1.14471,1.14748,15429.0
2026-03-31 03:00:00,OANDA:EURUSD,1.14747,1.14908,1.14664,1.14692,20464.0
2026-03-31 07:00:00,OANDA:EURUSD,1.14692,1.14758,1.14608,1.14672,25712.0
2026-03-31 11:00:00,OANDA:EURUSD,1.14672,1.15099,1.14576,1.1503,39098.0
2026-03-31 15:00:00,OANDA:EURUSD,1.15031,1.15598,1.15006,1.15404,81241.0
2026-03-31 19:00:00,OANDA:EURUSD,1.15404,1.15634,1.15384,1.15532,43816.0
2026-03-31 23:00:00,OANDA:EURUSD,1.1554,1.1579,1.15528,1.15745,11651.0
2026-04-01 03:00:00,OANDA:EURUSD,1.15744,1.15756,1.15549,1.15654,17079.0
2026-04-01 07:00:00,OANDA:EURUSD,1.15654,1.16108,1.1562,1.15964,46698.0
2026-04-01 11:00:00,OANDA:EURUSD,1.15966,1.16238,1.15809,1.16047,43413.0
2026-04-01 15:00:00,OANDA:EURUSD,1.16048,1.16272,1.15986,1.1619,55254.0
2026-04-01 19:00:00,OANDA:EURUSD,1.16192,1.16234,1.15763,1.15908,23094.0
2026-04-01 23:00:00,OANDA:EURUSD,1.15888,1.1598,1.15852,1.15957,12123.0
2026-04-02 03:00:00,OANDA:EURUSD,1.15954,1.16058,1.15322,1.1537,56246.0
2026-04-02 07:00:00,OANDA:EURUSD,1.15372,1.1539,1.15152,1.15254,30811.0
2026-04-02 11:00:00,OANDA:EURUSD,1.15254,1.1532,1.15092,1.15248,27668.0
2026-04-02 15:00:00,OANDA:EURUSD,1.15248,1.15639,1.15204,1.15394,67028.0
2026-04-02 19:00:00,OANDA:EURUSD,1.15393,1.15492,1.15322,1.154,17361.0
2026-04-02 23:00:00,OANDA:EURUSD,1.15385,1.15452,1.15381,1.15382,5083.0
2026-04-03 03:00:00,OANDA:EURUSD,1.15382,1.154,1.15322,1.15338,6904.0
2026-04-03 07:00:00,OANDA:EURUSD,1.15338,1.15464,1.15294,1.1543,5620.0
2026-04-03 11:00:00,OANDA:EURUSD,1.1543,1.15492,1.15177,1.1531,12371.0
2026-04-03 15:00:00,OANDA:EURUSD,1.15308,1.15386,1.1519,1.1519,14530.0
2026-04-03 19:00:00,OANDA:EURUSD,1.1519,1.15348,1.15134,1.15222,8189.0
2026-04-05 23:00:00,OANDA:EURUSD,1.15238,1.1524,1.15053,1.15118,16528.0
2026-04-06 03:00:00,OANDA:EURUSD,1.15118,1.15288,1.15064,1.15244,17577.0
2026-04-06 07:00:00,OANDA:EURUSD,1.15244,1.15688,1.1522,1.15553,26625.0
2026-04-06 11:00:00,OANDA:EURUSD,1.15556,1.15606,1.15377,1.15534,23420.0
2026-04-06 15:00:00,OANDA:EURUSD,1.15536,1.15716,1.15356,1.1545,40411.0
2026-04-06 19:00:00,OANDA:EURUSD,1.15451,1.15528,1.15342,1.15433,23697.0
2026-04-06 23:00:00,OANDA:EURUSD,1.15414,1.1548,1.15366,1.15376,10494.0
2026-04-07 03:00:00,OANDA:EURUSD,1.15376,1.15403,1.15242,1.15383,13297.0
2026-04-07 07:00:00,OANDA:EURUSD,1.15385,1.15756,1.15302,1.15737,32096.0
2026-04-07 11:00:00,OANDA:EURUSD,1.15735,1.15756,1.15458,1.15606,40980.0
2026-04-07 15:00:00,OANDA:EURUSD,1.15604,1.15836,1.1556,1.15716,48607.0
2026-04-07 19:00:00,OANDA:EURUSD,1.15716,1.16052,1.15664,1.15976,37760.0
2026-04-07 23:00:00,OANDA:EURUSD,1.15962,1.1697,1.15889,1.16718,81817.0
2026-04-08 03:00:00,OANDA:EURUSD,1.16718,1.16884,1.16662,1.16763,38822.0
2026-04-08 07:00:00,OANDA:EURUSD,1.16764,1.17086,1.16689,1.16812,50300.0
2026-04-08 11:00:00,OANDA:EURUSD,1.16814,1.17182,1.16776,1.17141,44011.0
2026-04-08 15:00:00,OANDA:EURUSD,1.1714,1.17218,1.1677,1.16818,59672.0
2026-04-08 19:00:00,OANDA:EURUSD,1.16817,1.16854,1.16434,1.16622,35091.0
2026-04-08 23:00:00,OANDA:EURUSD,1.16615,1.16678,1.1653,1.16572,10499.0
2026-04-09 03:00:00,OANDA:EURUSD,1.16572,1.16712,1.16504,1.16664,14079.0
2026-04-09 07:00:00,OANDA:EURUSD,1.16665,1.1675,1.16544,1.1672,21663.0
2026-04-09 11:00:00,OANDA:EURUSD,1.16721,1.169,1.16686,1.1686,23162.0
2026-04-09 15:00:00,OANDA:EURUSD,1.16861,1.17142,1.16742,1.17106,46029.0
2026-04-09 19:00:00,OANDA:EURUSD,1.17107,1.17234,1.16954,1.1699,23612.0
2026-04-09 23:00:00,OANDA:EURUSD,1.17021,1.17026,1.16854,1.16879,9924.0
2026-04-10 03:00:00,OANDA:EURUSD,1.1688,1.1697,1.16862,1.1692,9473.0
2026-04-10 07:00:00,OANDA:EURUSD,1.16922,1.16936,1.16774,1.16859,17159.0
2026-04-10 11:00:00,OANDA:EURUSD,1.16858,1.17258,1.16847,1.17209,31289.0
2026-04-10 15:00:00,OANDA:EURUSD,1.17206,1.17396,1.17138,1.17204,40877.0
2026-04-10 19:00:00,OANDA:EURUSD,1.17205,1.17354,1.17189,1.1725,17860.0
2026-04-12 23:00:00,OANDA:EURUSD,1.16666,1.16876,1.1664,1.16876,21187.0
2026-04-13 03:00:00,OANDA:EURUSD,1.16878,1.16902,1.16804,1.16862,11814.0
2026-04-13 07:00:00,OANDA:EURUSD,1.16862,1.17002,1.1678,1.1686,22111.0
2026-04-13 11:00:00,OANDA:EURUSD,1.16861,1.16998,1.16806,1.16984,23300.0
2026-04-13 15:00:00,OANDA:EURUSD,1.16986,1.17314,1.16964,1.1725,43639.0
2026-04-13 19:00:00,OANDA:EURUSD,1.1725,1.1766,1.17246,1.17588,18932.0
2026-04-13 23:00:00,OANDA:EURUSD,1.17576,1.17681,1.17554,1.17664,9156.0
2026-04-14 03:00:00,OANDA:EURUSD,1.17664,1.177,1.17563,1.17669,8575.0
2026-04-14 07:00:00,OANDA:EURUSD,1.17668,1.17966,1.17582,1.17827,25380.0
2026-04-14 11:00:00,OANDA:EURUSD,1.17828,1.18064,1.17819,1.18046,26709.0
2026-04-14 15:00:00,OANDA:EURUSD,1.18046,1.18112,1.17875,1.17942,38180.0
2026-04-14 19:00:00,OANDA:EURUSD,1.17942,1.17996,1.17905,1.1796,13435.0
2026-04-14 23:00:00,OANDA:EURUSD,1.17966,1.1802,1.17894,1.17941,10270.0
2026-04-15 03:00:00,OANDA:EURUSD,1.17938,1.17969,1.1779,1.17886,10681.0
2026-04-15 07:00:00,OANDA:EURUSD,1.17886,1.17993,1.17828,1.17894,21656.0
2026-04-15 11:00:00,OANDA:EURUSD,1.17895,1.1793,1.1772,1.17882,34001.0
2026-04-15 15:00:00,OANDA:EURUSD,1.17881,1.1808,1.17842,1.1801,35033.0
2026-04-15 19:00:00,OANDA:EURUSD,1.1801,1.18048,1.17927,1.17994,15803.0
2026-04-15 23:00:00,OANDA:EURUSD,1.18002,1.18086,1.17978,1.18074,7349.0
2026-04-16 03:00:00,OANDA:EURUSD,1.18072,1.18239,1.1797,1.18094,12633.0
2026-04-16 07:00:00,OANDA:EURUSD,1.18094,1.18101,1.17766,1.17864,22660.0
2026-04-16 11:00:00,OANDA:EURUSD,1.17863,1.17887,1.17726,1.17816,20905.0
2026-04-16 15:00:00,OANDA:EURUSD,1.17817,1.17872,1.17669,1.1775,37889.0
2026-04-16 19:00:00,OANDA:EURUSD,1.1775,1.17858,1.17682,1.17826,16256.0
2026-04-16 23:00:00,OANDA:EURUSD,1.17793,1.17872,1.17771,1.1779,6413.0
2026-04-17 03:00:00,OANDA:EURUSD,1.1779,1.17854,1.17731,1.17827,9423.0
2026-04-17 07:00:00,OANDA:EURUSD,1.17826,1.17957,1.17724,1.17939,18970.0
2026-04-17 11:00:00,OANDA:EURUSD,1.1794,1.18374,1.1791,1.18354,30202.0
2026-04-17 15:00:00,OANDA:EURUSD,1.18355,1.18492,1.17919,1.17988,64784.0
2026-04-17 19:00:00,OANDA:EURUSD,1.17986,1.17986,1.17606,1.17638,26165.0
2026-04-19 23:00:00,OANDA:EURUSD,1.17408,1.17572,1.17286,1.17545,17445.0
2026-04-20 03:00:00,OANDA:EURUSD,1.17544,1.17626,1.17506,1.17592,12256.0
2026-04-20 07:00:00,OANDA:EURUSD,1.1759,1.1772,1.1747,1.17612,29567.0
2026-04-20 11:00:00,OANDA:EURUSD,1.17612,1.17755,1.17552,1.1765,22061.0
2026-04-20 15:00:00,OANDA:EURUSD,1.17651,1.17896,1.17613,1.17858,43603.0
2026-04-20 19:00:00,OANDA:EURUSD,1.17859,1.17904,1.17788,1.17872,15770.0
2026-04-20 23:00:00,OANDA:EURUSD,1.17876,1.17911,1.17808,1.17829,8802.0
2026-04-21 03:00:00,OANDA:EURUSD,1.1783,1.17862,1.17732,1.17756,9807.0
2026-04-21 07:00:00,OANDA:EURUSD,1.17758,1.17823,1.1757,1.17653,24371.0
2026-04-21 11:00:00,OANDA:EURUSD,1.1765,1.17684,1.17542,1.17594,23797.0
2026-04-21 15:00:00,OANDA:EURUSD,1.17594,1.1776,1.17404,1.17416,38982.0
2026-04-21 19:00:00,OANDA:EURUSD,1.17416,1.17638,1.17188,1.17438,57170.0
2026-04-21 23:00:00,OANDA:EURUSD,1.17476,1.17514,1.1735,1.17439,9456.0
2026-04-22 03:00:00,OANDA:EURUSD,1.17438,1.17484,1.17377,1.17396,10663.0
2026-04-22 07:00:00,OANDA:EURUSD,1.17396,1.17627,1.17391,1.17538,24172.0
2026-04-22 11:00:00,OANDA:EURUSD,1.17535,1.17574,1.17248,1.17277,23882.0
2026-04-22 15:00:00,OANDA:EURUSD,1.17276,1.17432,1.171,1.17126,35784.0
2026-04-22 19:00:00,OANDA:EURUSD,1.17128,1.1717,1.17032,1.17067,13544.0
2026-04-22 23:00:00,OANDA:EURUSD,1.17058,1.17137,1.16924,1.17118,14832.0
2026-04-23 03:00:00,OANDA:EURUSD,1.17118,1.1713,1.16949,1.17002,17181.0
2026-04-23 07:00:00,OANDA:EURUSD,1.17003,1.1712,1.16954,1.17016,22431.0
2026-04-23 11:00:00,OANDA:EURUSD,1.17016,1.17024,1.1679,1.1692,31846.0
2026-04-23 15:00:00,OANDA:EURUSD,1.16922,1.17166,1.16834,1.17022,34455.0
2026-04-23 19:00:00,OANDA:EURUSD,1.17022,1.17028,1.16692,1.16827,47350.0
2026-04-23 23:00:00,OANDA:EURUSD,1.16836,1.169,1.168,1.16854,10574.0
2026-04-24 03:00:00,OANDA:EURUSD,1.16854,1.16894,1.16729,1.16792,12190.0
2026-04-24 07:00:00,OANDA:EURUSD,1.16792,1.1696,1.16762,1.16898,19399.0
2026-04-24 11:00:00,OANDA:EURUSD,1.169,1.17186,1.16842,1.17088,30889.0
2026-04-24 15:00:00,OANDA:EURUSD,1.1709,1.17198,1.16986,1.17191,40490.0
2026-04-24 19:00:00,OANDA:EURUSD,1.17192,1.17236,1.17112,1.17186,16612.0
2026-04-26 23:00:00,OANDA:EURUSD,1.16999,1.17172,1.16994,1.17162,8333.0
2026-04-27 03:00:00,OANDA:EURUSD,1.17162,1.17327,1.17162,1.17267,14214.0
2026-04-27 07:00:00,OANDA:EURUSD,1.17266,1.17509,1.17168,1.17485,19693.0
2026-04-27 11:00:00,OANDA:EURUSD,1.17486,1.1755,1.17379,1.17444,17973.0
2026-04-27 15:00:00,OANDA:EURUSD,1.17445,1.17542,1.17252,1.1726,26379.0
2026-04-27 19:00:00,OANDA:EURUSD,1.1726,1.17301,1.17189,1.17208,11414.0
2026-04-27 23:00:00,OANDA:EURUSD,1.17218,1.1727,1.17172,1.17188,7190.0
2026-04-28 03:00:00,OANDA:EURUSD,1.17186,1.17188,1.1708,1.17126,12472.0
2026-04-28 07:00:00,OANDA:EURUSD,1.17126,1.17134,1.1686,1.17023,24582.0
2026-04-28 11:00:00,OANDA:EURUSD,1.1702,1.17022,1.16775,1.16969,30948.0
2026-04-28 15:00:00,OANDA:EURUSD,1.1697,1.1717,1.16884,1.17105,37875.0
2026-04-28 19:00:00,OANDA:EURUSD,1.17104,1.17177,1.17066,1.17127,13082.0
2026-04-28 23:00:00,OANDA:EURUSD,1.1713,1.17208,1.17129,1.17156,5634.0
2026-04-29 03:00:00,OANDA:EURUSD,1.17158,1.17168,1.17044,1.17056,12255.0
2026-04-29 07:00:00,OANDA:EURUSD,1.17057,1.17083,1.16936,1.17002,20651.0
2026-04-29 11:00:00,OANDA:EURUSD,1.17003,1.17098,1.16935,1.1699,23344.0
2026-04-29 15:00:00,OANDA:EURUSD,1.1699,1.17042,1.16826,1.16847,42436.0
2026-04-29 19:00:00,OANDA:EURUSD,1.16846,1.1691,1.16612,1.16757,40215.0
2026-04-29 23:00:00,OANDA:EURUSD,1.16789,1.16896,1.16711,1.16793,11949.0
2026-04-30 03:00:00,OANDA:EURUSD,1.16792,1.16818,1.16551,1.16601,19194.0
2026-04-30 07:00:00,OANDA:EURUSD,1.16602,1.16976,1.1658,1.168,30235.0
2026-04-30 11:00:00,OANDA:EURUSD,1.16802,1.17197,1.16732,1.16926,72187.0
2026-04-30 15:00:00,OANDA:EURUSD,1.16926,1.17358,1.16819,1.17256,62372.0
2026-04-30 19:00:00,OANDA:EURUSD,1.17255,1.17418,1.1722,1.17308,22608.0
2026-04-30 23:00:00,OANDA:EURUSD,1.17306,1.17363,1.17243,1.17276,10234.0
2026-05-01 03:00:00,OANDA:EURUSD,1.17277,1.17364,1.17252,1.17268,10667.0
2026-05-01 07:00:00,OANDA:EURUSD,1.17268,1.17482,1.17188,1.17436,28129.0
2026-05-01 11:00:00,OANDA:EURUSD,1.17436,1.17688,1.17308,1.17576,24962.0
2026-05-01 15:00:00,OANDA:EURUSD,1.17575,1.17852,1.17378,1.17382,48310.0
2026-05-01 19:00:00,OANDA:EURUSD,1.17382,1.17404,1.17156,1.17212,19317.0
2026-05-03 23:00:00,OANDA:EURUSD,1.17478,1.17502,1.17216,1.17271,11447.0
2026-05-04 03:00:00,OANDA:EURUSD,1.1727,1.1739,1.17202,1.17292,21463.0
2026-05-04 07:00:00,OANDA:EURUSD,1.17292,1.17372,1.17114,1.17192,23516.0
2026-05-04 11:00:00,OANDA:EURUSD,1.17194,1.1724,1.16888,1.17092,39436.0
2026-05-04 15:00:00,OANDA:EURUSD,1.17092,1.17179,1.1681,1.16823,52418.0
2026-05-04 19:00:00,OANDA:EURUSD,1.16824,1.17024,1.16816,1.16918,22259.0
2026-05-04 23:00:00,OANDA:EURUSD,1.16912,1.1694,1.16851,1.16864,5668.0
2026-05-05 03:00:00,OANDA:EURUSD,1.16864,1.16916,1.1677,1.16778,10457.0
2026-05-05 07:00:00,OANDA:EURUSD,1.16776,1.16968,1.16766,1.16888,23488.0
2026-05-05 11:00:00,OANDA:EURUSD,1.16888,1.1698,1.16812,1.16924,26786.0
2026-05-05 15:00:00,OANDA:EURUSD,1.16925,1.17136,1.16916,1.16994,34997.0
2026-05-05 19:00:00,OANDA:EURUSD,1.16996,1.17042,1.16923,1.1693,11853.0
2026-05-05 23:00:00,OANDA:EURUSD,1.16924,1.17256,1.16917,1.17204,15011.0
2026-05-06 03:00:00,OANDA:EURUSD,1.17201,1.1743,1.17156,1.1737,24690.0
2026-05-06 07:00:00,OANDA:EURUSD,1.1737,1.17708,1.17244,1.17625,35248.0
2026-05-06 11:00:00,OANDA:EURUSD,1.17623,1.17967,1.17518,1.17537,48785.0
2026-05-06 15:00:00,OANDA:EURUSD,1.17536,1.1763,1.17418,1.17444,40599.0
2026-05-06 19:00:00,OANDA:EURUSD,1.17444,1.17556,1.17429,1.17484,16538.0
2026-05-06 23:00:00,OANDA:EURUSD,1.17463,1.17542,1.17454,1.17486,9386.0
2026-05-07 03:00:00,OANDA:EURUSD,1.17487,1.17634,1.17466,1.17508,14865.0
2026-05-07 07:00:00,OANDA:EURUSD,1.17509,1.17742,1.1745,1.17718,29248.0
2026-05-07 11:00:00,OANDA:EURUSD,1.17718,1.17784,1.17624,1.1773,25788.0
2026-05-07 15:00:00,OANDA:EURUSD,1.17729,1.1778,1.17565,1.17604,38694.0
2026-05-07 19:00:00,OANDA:EURUSD,1.17607,1.1761,1.17224,1.17237,39810.0
2026-05-07 23:00:00,OANDA:EURUSD,1.17282,1.17348,1.17232,1.1727,11311.0
2026-05-08 03:00:00,OANDA:EURUSD,1.17271,1.1736,1.17246,1.17354,14013.0
2026-05-08 07:00:00,OANDA:EURUSD,1.17355,1.17659,1.1733,1.1764,22374.0
2026-05-08 11:00:00,OANDA:EURUSD,1.1764,1.17788,1.17576,1.17741,27947.0
2026-05-08 15:00:00,OANDA:EURUSD,1.1774,1.17872,1.17664,1.17712,35045.0
2026-05-08 19:00:00,OANDA:EURUSD,1.17712,1.17881,1.17706,1.17852,14472.0
2026-05-10 23:00:00,OANDA:EURUSD,1.17524,1.17721,1.17483,1.177,10859.0
2026-05-11 03:00:00,OANDA:EURUSD,1.177,1.17712,1.17502,1.17506,11099.0
2026-05-11 07:00:00,OANDA:EURUSD,1.17504,1.17823,1.17488,1.17714,17851.0
2026-05-11 11:00:00,OANDA:EURUSD,1.17714,1.17747,1.17635,1.17745,19171.0
2026-05-11 15:00:00,OANDA:EURUSD,1.17747,1.17878,1.17724,1.17733,28101.0
2026-05-11 19:00:00,OANDA:EURUSD,1.17734,1.1783,1.1771,1.17824,11411.0
2026-05-11 23:00:00,OANDA:EURUSD,1.17814,1.17878,1.17663,1.17672,7010.0
2026-05-12 03:00:00,OANDA:EURUSD,1.17672,1.17691,1.17547,1.17571,13938.0
2026-05-12 07:00:00,OANDA:EURUSD,1.17572,1.17682,1.17394,1.17446,26455.0
2026-05-12 11:00:00,OANDA:EURUSD,1.17445,1.17516,1.17349,1.17478,25749.0
2026-05-12 15:00:00,OANDA:EURUSD,1.17476,1.175,1.17218,1.17283,35992.0
2026-05-12 19:00:00,OANDA:EURUSD,1.17284,1.17468,1.17274,1.17403,14774.0
2026-05-12 23:00:00,OANDA:EURUSD,1.17366,1.17414,1.1733,1.17382,6773.0
2026-05-13 03:00:00,OANDA:EURUSD,1.17382,1.17418,1.1732,1.17346,10207.0
2026-05-13 07:00:00,OANDA:EURUSD,1.17346,1.1737,1.17004,1.17032,17316.0
2026-05-13 11:00:00,OANDA:EURUSD,1.17032,1.17172,1.16954,1.17018,23990.0
2026-05-13 15:00:00,OANDA:EURUSD,1.17019,1.1718,1.17011,1.17088,28176.0
2026-05-13 19:00:00,OANDA:EURUSD,1.17086,1.1714,1.17042,1.17136,12646.0
2026-05-13 23:00:00,OANDA:EURUSD,1.17102,1.17186,1.17102,1.17172,6031.0
2026-05-14 03:00:00,OANDA:EURUSD,1.1717,1.17178,1.17097,1.17144,12009.0
2026-05-14 07:00:00,OANDA:EURUSD,1.17146,1.17216,1.1705,1.17111,19984.0
2026-05-14 11:00:00,OANDA:EURUSD,1.17112,1.17134,1.16964,1.16971,20953.0
2026-05-14 15:00:00,OANDA:EURUSD,1.16972,1.17002,1.16708,1.16764,35410.0
2026-05-14 19:00:00,OANDA:EURUSD,1.16764,1.16808,1.16657,1.16698,14608.0
2026-05-14 23:00:00,OANDA:EURUSD,1.16702,1.1674,1.16523,1.16554,8978.0
2026-05-15 03:00:00,OANDA:EURUSD,1.16553,1.16576,1.16458,1.16474,15075.0
2026-05-15 07:00:00,OANDA:EURUSD,1.16475,1.1649,1.16306,1.1633,29559.0
2026-05-15 11:00:00,OANDA:EURUSD,1.1633,1.16555,1.16172,1.16264,34104.0
2026-05-15 15:00:00,OANDA:EURUSD,1.16264,1.16379,1.1619,1.16299,37391.0
2026-05-15 19:00:00,OANDA:EURUSD,1.163,1.16356,1.1617,1.16252,15018.0
2026-05-17 23:00:00,OANDA:EURUSD,1.16196,1.1625,1.16082,1.16116,13616.0
2026-05-18 03:00:00,OANDA:EURUSD,1.16116,1.16262,1.16085,1.16208,17782.0
2026-05-18 07:00:00,OANDA:EURUSD,1.16208,1.16453,1.16169,1.16416,23632.0
2026-05-18 11:00:00,OANDA:EURUSD,1.16415,1.16574,1.16265,1.16514,29941.0
2026-05-18 15:00:00,OANDA:EURUSD,1.16513,1.16563,1.16334,1.16516,41546.0
2026-05-18 19:00:00,OANDA:EURUSD,1.16514,1.16611,1.16288,1.16563,25737.0
2026-05-18 23:00:00,OANDA:EURUSD,1.16558,1.16618,1.16438,1.16444,9304.0
2026-05-19 03:00:00,OANDA:EURUSD,1.16446,1.16528,1.16354,1.16366,15376.0
2026-05-19 07:00:00,OANDA:EURUSD,1.16368,1.16458,1.16223,1.16234,22608.0
2026-05-19 11:00:00,OANDA:EURUSD,1.16232,1.16266,1.1611,1.16165,27141.0
2026-05-19 15:00:00,OANDA:EURUSD,1.16165,1.1618,1.15922,1.16072,43360.0
2026-05-19 19:00:00,OANDA:EURUSD,1.1607,1.16149,1.16026,1.16066,14804.0
2026-05-19 23:00:00,OANDA:EURUSD,1.16055,1.1613,1.16009,1.16014,9230.0
2026-05-20 03:00:00,OANDA:EURUSD,1.16013,1.16068,1.15936,1.15973,19396.0
2026-05-20 07:00:00,OANDA:EURUSD,1.15972,1.1606,1.15834,1.15904,22102.0
2026-05-20 11:00:00,OANDA:EURUSD,1.15904,1.16056,1.15874,1.15954,19117.0
2026-05-20 15:00:00,OANDA:EURUSD,1.15953,1.16452,1.15828,1.16256,59207.0
2026-05-20 19:00:00,OANDA:EURUSD,1.16256,1.16358,1.1616,1.16255,21612.0
2026-05-20 23:00:00,OANDA:EURUSD,1.16242,1.1629,1.1622,1.16286,8450.0
2026-05-21 03:00:00,OANDA:EURUSD,1.16287,1.16353,1.16156,1.16222,13354.0
2026-05-21 07:00:00,OANDA:EURUSD,1.16222,1.16357,1.15942,1.16237,34280.0
2026-05-21 11:00:00,OANDA:EURUSD,1.16238,1.16334,1.15934,1.15972,34556.0
2026-05-21 15:00:00,OANDA:EURUSD,1.15972,1.16012,1.15763,1.15954,45152.0
2026-05-21 19:00:00,OANDA:EURUSD,1.15956,1.16302,1.15928,1.16175,38470.0
2026-05-21 23:00:00,OANDA:EURUSD,1.16194,1.16232,1.16124,1.16144,6319.0
2026-05-22 03:00:00,OANDA:EURUSD,1.16142,1.16158,1.16087,1.16152,8273.0
2026-05-22 07:00:00,OANDA:EURUSD,1.16151,1.1617,1.16013,1.16078,19088.0
2026-05-22 11:00:00,OANDA:EURUSD,1.16078,1.16081,1.15934,1.16044,21453.0
2026-05-22 15:00:00,OANDA:EURUSD,1.16044,1.16185,1.15883,1.16112,33845.0
2026-05-22 19:00:00,OANDA:EURUSD,1.16114,1.16192,1.15982,1.16023,18321.0
2026-05-24 23:00:00,OANDA:EURUSD,1.16394,1.1649,1.16306,1.16366,10617.0
2026-05-25 03:00:00,OANDA:EURUSD,1.16367,1.16471,1.16356,1.1642,12059.0
2026-05-25 07:00:00,OANDA:EURUSD,1.16421,1.16452,1.16296,1.16437,15821.0
2026-05-25 11:00:00,OANDA:EURUSD,1.16436,1.16528,1.16404,1.16482,11700.0
2026-05-25 15:00:00,OANDA:EURUSD,1.16482,1.16498,1.16368,1.16412,13425.0
2026-05-25 19:00:00,OANDA:EURUSD,1.16412,1.16441,1.16404,1.16433,4028.0
2026-05-25 23:00:00,OANDA:EURUSD,1.16404,1.16443,1.1634,1.16387,8528.0
2026-05-26 03:00:00,OANDA:EURUSD,1.16388,1.16398,1.16294,1.16298,9415.0
2026-05-26 07:00:00,OANDA:EURUSD,1.16297,1.16422,1.1624,1.16365,17155.0
2026-05-26 11:00:00,OANDA:EURUSD,1.16366,1.16452,1.16312,1.1632,17621.0
2026-05-26 15:00:00,OANDA:EURUSD,1.16318,1.16331,1.16164,1.1624,26606.0
2026-05-26 19:00:00,OANDA:EURUSD,1.1624,1.1633,1.16214,1.16317,9445.0
2026-05-26 23:00:00,OANDA:EURUSD,1.16286,1.16406,1.16276,1.16381,8816.0
2026-05-27 03:00:00,OANDA:EURUSD,1.1638,1.16426,1.16327,1.16413,9956.0
2026-05-27 07:00:00,OANDA:EURUSD,1.16412,1.16494,1.16374,1.1645,16733.0
2026-05-27 11:00:00,OANDA:EURUSD,1.16448,1.16615,1.1633,1.1644,29902.0
2026-05-27 15:00:00,OANDA:EURUSD,1.16439,1.16523,1.16225,1.16324,40642.0
2026-05-27 19:00:00,OANDA:EURUSD,1.16324,1.1633,1.16222,1.16258,11252.0
2026-05-27 23:00:00,OANDA:EURUSD,1.1628,1.16312,1.16162,1.16206,9120.0
2026-05-28 03:00:00,OANDA:EURUSD,1.16206,1.16212,1.15864,1.15918,16225.0
2026-05-28 07:00:00,OANDA:EURUSD,1.15918,1.16178,1.15891,1.16156,19123.0
2026-05-28 11:00:00,OANDA:EURUSD,1.16157,1.16384,1.16034,1.16366,22465.0
2026-05-28 15:00:00,OANDA:EURUSD,1.16367,1.16614,1.1627,1.16569,43392.0
2026-05-28 19:00:00,OANDA:EURUSD,1.1657,1.16574,1.1645,1.16497,13967.0
2026-05-28 23:00:00,OANDA:EURUSD,1.16522,1.16556,1.16475,1.16488,6651.0
2026-05-29 03:00:00,OANDA:EURUSD,1.16489,1.16566,1.16343,1.16391,11717.0
2026-05-29 07:00:00,OANDA:EURUSD,1.16392,1.16544,1.1625,1.16283,18190.0
2026-05-29 11:00:00,OANDA:EURUSD,1.16282,1.16491,1.16266,1.1649,19900.0
2026-05-29 15:00:00,OANDA:EURUSD,1.16492,1.16859,1.16406,1.16723,40086.0
2026-05-29 19:00:00,OANDA:EURUSD,1.16722,1.16734,1.16587,1.16621,17055.0
2026-05-31 23:00:00,OANDA:EURUSD,1.16543,1.16618,1.1645,1.16477,17027.0
2026-06-01 03:00:00,OANDA:EURUSD,1.16478,1.16491,1.16416,1.16482,9086.0
2026-06-01 07:00:00,OANDA:EURUSD,1.16482,1.16648,1.16479,1.16578,17283.0
2026-06-01 11:00:00,OANDA:EURUSD,1.16577,1.16606,1.16416,1.16474,18051.0
2026-06-01 15:00:00,OANDA:EURUSD,1.16474,1.16482,1.16068,1.16298,47386.0
2026-06-01 19:00:00,OANDA:EURUSD,1.163,1.1638,1.16252,1.16321,14788.0
2026-06-01 23:00:00,OANDA:EURUSD,1.163,1.1637,1.16294,1.16315,6343.0
2026-06-02 03:00:00,OANDA:EURUSD,1.16316,1.16388,1.16284,1.16379,9522.0
2026-06-02 07:00:00,OANDA:EURUSD,1.1638,1.16526,1.16362,1.16436,15997.0
2026-06-02 11:00:00,OANDA:EURUSD,1.16437,1.16558,1.16384,1.16505,16511.0
2026-06-02 15:00:00,OANDA:EURUSD,1.16505,1.16524,1.16268,1.16284,25564.0
2026-06-02 19:00:00,OANDA:EURUSD,1.16283,1.16349,1.16135,1.1631,10057.0
2026-06-02 23:00:00,OANDA:EURUSD,1.16299,1.16332,1.16198,1.16289,7649.0
2026-06-03 03:00:00,OANDA:EURUSD,1.1629,1.16336,1.16244,1.16256,9046.0
2026-06-03 07:00:00,OANDA:EURUSD,1.16256,1.16271,1.16051,1.16082,20939.0
2026-06-03 11:00:00,OANDA:EURUSD,1.16082,1.1623,1.15968,1.16005,21926.0
2026-06-03 15:00:00,OANDA:EURUSD,1.16006,1.1613,1.15949,1.16002,36181.0
2026-06-03 19:00:00,OANDA:EURUSD,1.16004,1.16036,1.15954,1.15986,9959.0
2026-06-03 23:00:00,OANDA:EURUSD,1.15998,1.16126,1.15946,1.16068,9050.0
2026-06-04 03:00:00,OANDA:EURUSD,1.16068,1.16132,1.16026,1.16098,9819.0
2026-06-04 07:00:00,OANDA:EURUSD,1.16098,1.1615,1.15986,1.16133,17749.0
2026-06-04 11:00:00,OANDA:EURUSD,1.16132,1.16455,1.16132,1.1637,24960.0
2026-06-04 15:00:00,OANDA:EURUSD,1.1637,1.164,1.16224,1.16234,21290.0
2026-06-04 19:00:00,OANDA:EURUSD,1.16233,1.1624,1.16082,1.1611,7326.0
2026-06-04 23:00:00,OANDA:EURUSD,1.16154,1.16162,1.1611,1.16128,5801.0
2026-06-05 03:00:00,OANDA:EURUSD,1.16128,1.1617,1.161,1.16162,10684.0
2026-06-05 07:00:00,OANDA:EURUSD,1.16162,1.164,1.1613,1.16368,14995.0
2026-06-05 11:00:00,OANDA:EURUSD,1.16366,1.16445,1.15863,1.15866,26672.0
2026-06-05 15:00:00,OANDA:EURUSD,1.15868,1.15998,1.15226,1.15322,51466.0
2026-06-05 19:00:00,OANDA:EURUSD,1.15324,1.15332,1.1518,1.15226,21689.0
